{
  "variable": {
    "General": {
      "h_ms": 10,
      "alpha_off": 0.013,
      "r_stop": 5,
      "r_start": 35
    },
    "ControlGain": {
      "k1": -12.0,
      "k2": -200.0,
      "k3": 0.0,
      "k4": 0.0
    }
  },
  "inferred": {
    "ObserverGain": {
      "l11": 0.999999000002,
      "l12": 9.9e-09,
      "l13": 0.0,
      "l21": 0.0099999999,
      "l22": 0.009950125,
      "l23": 0.0,
      "l31": 0.0,
      "l32": 0.0,
      "l33": 81.661713903608,
      "l41": 0.0,
      "l42": 0.0,
      "l43": 1.749930783859
    },
    "ObserverPhi": {
      "phi11": 9.99998e-07,
      "phi12": -9.9e-09,
      "phi13": 0.0,
      "phi14": 0.0,
      "phi21": 1e-10,
      "phi22": 0.990049875,
      "phi23": 0.0,
      "phi24": 0.0,
      "phi31": 0.0,
      "phi32": 0.0,
      "phi33": 1.0,
      "phi34": -81.661713903608,
      "phi41": 0.0,
      "phi42": 0.0,
      "phi43": 0.01,
      "phi44": -0.749930783859
    },
    "ObserverInnoGain": {
      "mx11": 0.999999000002,
      "mx12": 9.9e-09,
      "mx13": 0.0,
      "mx21": 9.9e-09,
      "mx22": 0.009950124901,
      "mx23": 0.0,
      "mx31": 0.0,
      "mx32": 0.0,
      "mx33": 81.661713903608,
      "mx41": 0.0,
      "mx42": 0.0,
      "mx43": 0.933313644823
    }
  }
}