{
  "variable": {
    "General": {
      "h_ms": 10,
      "alpha_off": -0.012,
      "m_stop": 1,
      "m_start": 30
    },
    "BalanceControl": {
      "k1": -11.761,
      "k2": -75.822,
      "k3": -0.955
    },
    "PositionControl": {
      "k4": -0.38,
      "ki": 0.0
    }
  },
  "inferred": {
    "observer": {
      "gain": {
        "l11": 0.999999,
        "l12": 1e-08,
        "l13": 0.0,
        "l21": 0.01,
        "l22": 0.00995012,
        "l23": 0.0,
        "l31": 0.0,
        "l32": 0.0,
        "l33": 81.6617139,
        "l41": 0.0,
        "l42": 0.0,
        "l43": 1.74993078
      },
      "phi": {
        "phi11": 1e-06,
        "phi12": -1e-08,
        "phi13": 0.0,
        "phi14": 0.0,
        "phi21": 0.0,
        "phi22": 0.99004988,
        "phi23": 0.0,
        "phi24": 0.0,
        "phi31": 0.0,
        "phi32": 0.0,
        "phi33": 1.0,
        "phi34": -81.6617139,
        "phi41": 0.0,
        "phi42": 0.0,
        "phi43": 0.01,
        "phi44": -0.74993078
      },
      "innoGain": {
        "mx11": 0.999999,
        "mx12": 1e-08,
        "mx13": 0.0,
        "mx21": 1e-08,
        "mx22": 0.00995012,
        "mx23": 0.0,
        "mx31": 0.0,
        "mx32": 0.0,
        "mx33": 81.6617139,
        "mx41": 0.0,
        "mx42": 0.0,
        "mx43": 0.93331364
      }
    },
    "ff": {
      "phi": {
        "phi11": 0.0,
        "phi12": 0.0,
        "phi13": 0.0,
        "phi14": 0.0,
        "phi21": 0.0,
        "phi22": 0.0,
        "phi23": 0.0,
        "phi24": 0.0,
        "phi31": 0.0,
        "phi32": 0.0,
        "phi33": 0.0,
        "phi34": 0.0,
        "phi41": 0.0,
        "phi42": 0.0,
        "phi43": 0.0,
        "phi44": 0.0
      },
      "gamma": {
        "gam1": 0.0,
        "gam2": 0.0,
        "gam3": 0.0,
        "gam4": 0.0
      },
      "Km": {
        "k1": 0.0,
        "k2": 0.0,
        "k3": 0.0,
        "k4": 0.0
      },
      "Kc": 0.0
    }
  }
}