{
  "variable": {
    "General": {
      "h_ms": 10,
      "alpha_off": -0.012,
      "m_stop": 1,
      "m_start": 30
    },
    "BalanceControl": {
      "k1": -11.778,
      "k2": -100.368,
      "k3": -0.756
    },
    "PositionControl": {
      "k4": -0.363,
      "ki": 0.0
    }
  },
  "inferred": {
    "observer": {
      "gain": {
        "l11": 0.999999,
        "l12": 1e-08,
        "l13": 0.0,
        "l21": 0.01,
        "l22": 0.00995012,
        "l23": 0.0,
        "l31": 0.0,
        "l32": 0.0,
        "l33": 81.6617139,
        "l41": 0.0,
        "l42": 0.0,
        "l43": 1.74993078
      },
      "phi": {
        "phi11": 1e-06,
        "phi12": -1e-08,
        "phi13": 0.0,
        "phi14": 0.0,
        "phi21": 0.0,
        "phi22": 0.99004988,
        "phi23": 0.0,
        "phi24": 0.0,
        "phi31": 0.0,
        "phi32": 0.0,
        "phi33": 1.0,
        "phi34": -81.6617139,
        "phi41": 0.0,
        "phi42": 0.0,
        "phi43": 0.01,
        "phi44": -0.74993078
      },
      "innoGain": {
        "mx11": 0.999999,
        "mx12": 1e-08,
        "mx13": 0.0,
        "mx21": 1e-08,
        "mx22": 0.00995012,
        "mx23": 0.0,
        "mx31": 0.0,
        "mx32": 0.0,
        "mx33": 81.6617139,
        "mx41": 0.0,
        "mx42": 0.0,
        "mx43": 0.93331364
      }
    },
    "ff": {
      "phi": {
        "phi11": 0.99945102,
        "phi12": 0.35693767,
        "phi13": 0.08171865,
        "phi14": 0.0,
        "phi21": 0.00997861,
        "phi22": 1.00190952,
        "phi23": 0.00071011,
        "phi24": 0.0,
        "phi31": 0.04866196,
        "phi32": -0.3991005,
        "phi33": 0.00448083,
        "phi34": 0.0,
        "phi41": 0.00043814,
        "phi42": -0.00353323,
        "phi43": 0.0013355,
        "phi44": 1.0
      },
      "gamma": {
        "gam1": -0.192965,
        "gam2": -0.00167649,
        "gam3": 2.34973349,
        "gam4": 0.02045093
      },
      "Km": {
        "k1": -10.45031345,
        "k2": -58.80360076,
        "k3": -0.84909653,
        "k4": -0.09175526
      },
      "Kc": -0.09175526
    }
  }
}