{
  "variable": {
    "General": {
      "h_ms": 6,
      "alpha_off": -0.012,
      "m_stop": 1,
      "m_start": 30
    },
    "BalanceControl": {
      "k1": -15.81,
      "k2": -106.052,
      "k3": -1.018
    },
    "PositionControl": {
      "k4": 0.0,
      "ki": 0.0
    }
  },
  "inferred": {
    "observer": {
      "gain": {
        "l11": 0.99999722,
        "l12": 2e-08,
        "l13": 0.0,
        "l21": 0.006,
        "l22": 0.00598203,
        "l23": 0.0,
        "l31": 0.0,
        "l32": 0.0,
        "l33": 86.53732899,
        "l41": 0.0,
        "l42": 0.0,
        "l43": 1.31120427
      },
      "phi": {
        "phi11": 2.78e-06,
        "phi12": -2e-08,
        "phi13": 0.0,
        "phi14": 0.0,
        "phi21": 0.0,
        "phi22": 0.99401797,
        "phi23": 0.0,
        "phi24": 0.0,
        "phi31": 0.0,
        "phi32": 0.0,
        "phi33": 1.0,
        "phi34": -86.53732899,
        "phi41": 0.0,
        "phi42": 0.0,
        "phi43": 0.006,
        "phi44": -0.31120427
      },
      "innoGain": {
        "mx11": 0.99999722,
        "mx12": 2e-08,
        "mx13": 0.0,
        "mx21": 2e-08,
        "mx22": 0.00598203,
        "mx23": 0.0,
        "mx31": 0.0,
        "mx32": 0.0,
        "mx33": 86.53732899,
        "mx41": 0.0,
        "mx42": 0.0,
        "mx43": 0.7919803
      }
    },
    "ff": {
      "phi": {
        "phi11": 0.0,
        "phi12": 0.0,
        "phi13": 0.0,
        "phi14": 0.0,
        "phi21": 0.0,
        "phi22": 0.0,
        "phi23": 0.0,
        "phi24": 0.0,
        "phi31": 0.0,
        "phi32": 0.0,
        "phi33": 0.0,
        "phi34": 0.0,
        "phi41": 0.0,
        "phi42": 0.0,
        "phi43": 0.0,
        "phi44": 0.0
      },
      "gamma": {
        "gam1": 0.0,
        "gam2": 0.0,
        "gam3": 0.0,
        "gam4": 0.0
      },
      "Km": {
        "k1": 0.0,
        "k2": 0.0,
        "k3": 0.0,
        "k4": 0.0
      },
      "Kc": 0.0
    }
  }
}